Camera,Price,Type,Shipping
OLYMPUS mju II BLACK 35mm FILM TESTED Camera LOMOGRAPHY f/2.8 Stylus Epic AF,$150.00,Buy It Now,+$25.00 shipping
Olympus mju II 35mm F/2.8  - Tested ,$182.50,bidding,+$40.00 shipping
[EXC+++++]Olympus mju II Zoom VF AF Zoom 38-80mm Film Camera w/Case From Japan,$109.99,Buy It Now,+$25.00 shipping
Olympus MJU II 2.8/35mm Point and Shoot,$232.91,or Best Offer,+$22.18 shipping
Olympus MJU II ∞ Stylus µ[mju:]-ii F/2.8 35mm ULTRA COMPACT Film Camera【Works!】,$369.95,or Best Offer,+$61.20 shipping
Tested Olympus µ (mju:) - II Zoom 115 Camera All Weather Multi AF,$131.98,or Best Offer,+$25.51 shipping
Olympus Mju II-Point & Shoot 35mm-Champagne-NEAR MINT!!!,$165.26,bidding,+$16.30 shipping
Olympus mju II (MJU 2)  35mm Point & Shoot Film Camera ,$249.00,Buy It Now,Free Shipping
Olympus AF-1 Rare w/ Zuiko 35mm f/2.8 lens cult compact film camera like mju ii,$77.02,Buy It Now,+$19.25 shipping
Olympus mju II 170 VF Multi AF All Weather 35mm Film Camera Near Mint F/S #4142,$109.00,Buy It Now,Free International Shipping
Olympus MJU II Limited Edition standby Bag/Case Near Mint!!!,$136.42,bidding,+$6.10 shipping
Olympus Mju-II Zoom 2 VF Lens 38-80mm Compact Camera Compact Camera with Battery,$77.53,Buy It Now,+$12.09 shipping
"Olympus mju II 35mm 2,8 grey",$204.07,Buy It Now,+$16.58 shipping
Olympus Mju II Quartz Date Stylus Epic DLX 35mm Point & Shoot Film Camera Tested,$239.00,Buy It Now,Free International Shipping
Olympus mju II 115 VF 35mm Compact AF Zoom Film Camera from Japan,$162.99,Buy It Now,Free International Shipping
Olympus µ mju-II Zoom 80 mju-2 Compact Camera Camera Multi-AF 38-80mm Lens,$220.71,or Best Offer,+$15.53 shipping
Olympus mju ii Zoom 80 All Weather Camera & Original Case VGC 35mm MJU 2,$59.05,bidding,+$32.09 shipping
+IMMACULATE+ Olympus µ[mju:]-iii Zoom 80 Point & Shoot 35mm Film Camera - mju ii,$295.22,Buy It Now,+$20.54 shipping
New ListingOLYMPUS MJU II QUARTZ DATE LARGE APERTURE POINT & SHOOT CAMERA 35MM F2.8 720#,$255.44,or Best Offer,+$17.97 shipping
"Olympus Mju II Mju 2 35mm film camera, 35mm f2.8 lens - Stylus Epic FILM TESTED ",$199.00,bidding,+$20.00 shipping
【Mint】Olympus Mju II Point & Shoot 35mm Film Camera from Japan-#Kasai,$279.99,Buy It Now,+$34.99 shipping
【Near Mint】Olympus Mju II Point & Shoot 35mm Film Camera from Japan-#1522,$259.99,Buy It Now,+$34.99 shipping
【Near Mint】Olympus Mju II Point & Shoot 35mm Film Camera from Japan-#1631,$269.99,Buy It Now,+$34.99 shipping
NEAR MINT+++】 Olympus mju II Zoom VF 35mm Compact AF Zoom Film Camera Japan 1826,$129.99,Buy It Now,+$20.00 shipping
◆Mint◆ Olympus μ Mju II 170VF VF 35mm Point & Shoot Film Camera From Japan #251,$149.99,or Best Offer,Free International Shipping
"New Listingcamera OLYMPUS: Mju II ,Olympus 2,8/35mm.Lens,35mm.film,made in Japan",$149.00,bidding,+$24.00 shipping
*MINT* Black Olympus µ [mju:] II 2 Zoom 80 38mm ALL WEATHER Camera Stylus Epic,$199.00,Buy It Now,+$24.50 shipping
New ListingOlympus mju ii 80 35mm Point & Shoot Film Camera. Tested,$30.00,bidding,+$19.00 shipping
Olympus Stylus Epic QD Mju II 35mm Point & Shoot Film Camera,$225.00,Buy It Now,Free International Shipping
【 Near Mint++ 】 Olympus mju μ II Zoom 35mm Compact Film Camera AF Zoom Japan 96,$119.90,Buy It Now,+$25.00 shipping
Olympus mju II 2 Analog Compact Camera 35mm f/28 Silver,$209.62,bidding,+$24.29 shipping
[Exc+++++] Olympus mju II Zoom VF 35mm Compact AF Zoom Film Camera from Japan ,$92.90,Buy It Now,+$19.90 shipping
Tested Olympus Mju II Zoom 80 Film Compact Camera Black,$191.26,Buy It Now,+$19.90 shipping
New ListingOlympus Stylus Epic MJU II 35mm F2.8 Point & Shoot Film Camera,$97.00,bidding,+$24.00 shipping
*TESTED Black Olympus µ [mju:] II 2 MULTI AF 35mm ALL WEATHER Camera Stylus Epic,$339.00,Buy It Now,+$24.50 shipping
【Mint】Olympus Mju II Point & Shoot 35mm Film Camera from Japan-#1530,$269.99,Buy It Now,+$34.99 shipping
OLYMPUS MJU II 35MM FILM CAMERA  PLEASE READ IN FULL*,$20.54,bidding,+$15.40 shipping
New ListingOLYMPUS MJU II QUARTZ DATE LARGE APERTURE POINT & SHOOT CAMERA 35MM F2.8 116#,$320.90,or Best Offer,+$17.97 shipping
【MINT+】 Olympus mju II 80 VF 35mm Compact Film Camera AF Zoom Lens Japan 1771,$139.99,Buy It Now,+$20.00 shipping
**TOP MINT** Olympus μ mju II ZOOM VF Point & Shoot Film Camera from JAPAN #0804,$139.00,Buy It Now,+$19.00 shipping
"MINT Olympus MJU II Quartz Date, 35mm Point & Shoot Film Camera, Film Tested",$359.41,or Best Offer,+$51.34 shipping
(Excellent) Olympus [mju:] II Stylus Epic Silver 35mm f/2.8 Compact Camera.,$97.55,bidding,+$19.25 shipping
Olympus MJU II 35mm 1:2 .8 With Bag Compact Camera Camera,$30.61,bidding,+$35.48 shipping
"Olympus MJU II µ 2 Zoom 80 OVP Bag Like New, New Battery",$57.67,bidding,Not Specified
New ListingOlympus Stylus Epic DLX (mju-ii) All-Weather 35mm f2.8 Super Sharp Fixed Lens ,$289.00,Buy It Now,+$47.80 shipping
Point & shoot Black Olympus Mju II All Weather AF Compact 2.8/35mm No. 7312852,$287.26,or Best Offer,+$16.64 shipping
"Compact olympus mju II f2, 8 35 mm any time wheatherproof",$169.69,bidding,Not Specified
::Mint:: Olympus μ Mju II 115 VF 35mm Point & Shoot Film Camera from Japan  #201,$134.99,Buy It Now,+$24.99 shipping
Olympus mju II Stylus Epic 35mm Compact Film Camera with case,$192.54,bidding,Not Specified
Olympus MJU II 35mm Compact Camera-Black-serviced 2017 Stylus Epic,$69.87,bidding,Not Specified
~ NEW - UNUSED ~ Olympus µ[mju:]-ii Zoom 80 35mm Point & Shoot Film Camera mju ,$308.05,Buy It Now,+$20.54 shipping
Camera Olympus MJU II * Lens 35mm 1:2 .8 Compact Camera Camera Excellent Condition,$84.29,bidding,Not Specified
New ListingOlympus MJU II in Aluminium Case Small Picture Camera Waterproof,$11.65,bidding,Not Specified
Olympus mju II (stylus epic) 35mm f2.8 Compact Camera 35mm Silver,$220.71,Buy It Now,+$14.42 shipping
New ListingUltra compact olympus [mju:] - II f 2.8,$88.73,bidding,Not Specified
Olympus mju II 115 VF Multi AF Zoom 35mm Film Camera Excellent From Japan #4096,$94.05,Buy It Now,Free International Shipping
Olympus mju II Zoom 80 35mm Compact Film Camera. Works perfectly,$47.49,bidding,Not Specified
+ SERVICED + FILM TESTED + Olympus AF-1 35mm Point & Shoot Film Camera ~ mju ii,$192.53,Buy It Now,+$20.54 shipping
【EXC+++++!!】 Olympus mju II 170 VF 35mm Compact AF Zoom Film Camera Japan A0310,$94.99,Buy It Now,+$25.00 shipping
【Excellent +++】Olympus µ[mju:]-II  35mm Point & Shoot Film Camera  A117,$299.00,Buy It Now,Free International Shipping
